[
  {
    "model": "accounts.worker",
    "pk": 1,
    "fields": {
      "username": "admin",
      "password": "pbkdf2_sha256$260000$demo$hash",
      "is_superuser": true,
      "is_staff": true,
      "is_active": true
    }
  },
  {
    "model": "accounts.worker",
    "pk": 2,
    "fields": {
      "username": "worker1",
      "password": "pbkdf2_sha256$260000$demo$hash",
      "is_superuser": false,
      "is_staff": false,
      "is_active": true
    }
  },
  {
    "model": "accounts.worker",
    "pk": 3,
    "fields": {
      "username": "worker2",
      "password": "pbkdf2_sha256$260000$demo$hash",
      "is_superuser": false,
      "is_staff": false,
      "is_active": true
    }
  },
  {
    "model": "accounts.position",
    "pk": 1,
    "fields": {
      "name": "Developer"
    }
  },
  {
    "model": "accounts.position",
    "pk": 2,
    "fields": {
      "name": "Manager"
    }
  },
  {
    "model": "manager.tasktype",
    "pk": 1,
    "fields": {
      "name": "Bug"
    }
  },
  {
    "model": "manager.tasktype",
    "pk": 2,
    "fields": {
      "name": "Feature"
    }
  },
  {
    "model": "manager.tag",
    "pk": 1,
    "fields": {
      "name": "urgent"
    }
  },
  {
    "model": "manager.tag",
    "pk": 2,
    "fields": {
      "name": "frontend"
    }
  },
  {
    "model": "manager.tag",
    "pk": 3,
    "fields": {
      "name": "backend"
    }
  },
  {
    "model": "manager.project",
    "pk": 1,
    "fields": {
      "name": "Website Redesign",
      "description": "Website Redesign description",
      "created": "2025-04-21T12:28:13.234762",
      "deadline": "2025-06-20"
    }
  },
  {
    "model": "manager.project",
    "pk": 2,
    "fields": {
      "name": "CRM Upgrade",
      "description": "CRM Upgrade description",
      "created": "2025-04-21T12:28:13.234781",
      "deadline": "2025-06-20"
    }
  },
  {
    "model": "manager.project",
    "pk": 3,
    "fields": {
      "name": "Internal Tools",
      "description": "Internal Tools description",
      "created": "2025-04-21T12:28:13.234785",
      "deadline": "2025-06-20"
    }
  },
  {
    "model": "manager.task",
    "pk": 1,
    "fields": {
      "name": "Fix login bug",
      "number": "TASK-001",
      "description": "Detailed info about 'Fix login bug'",
      "deadline": "2025-05-02T12:33:43.852143",
      "status": "done",
      "priority": "High",
      "created_time": "2025-04-21T12:33:43.852167",
      "updated_time": "2025-04-21T12:33:43.852170",
      "task_type": 1,
      "project": 1,
      "created_by": 1,
      "assignees": [
        2
      ],
      "tags": [
        1,
        2,
        3
      ]
    }
  },
  {
    "model": "manager.task",
    "pk": 2,
    "fields": {
      "name": "Improve accessibility",
      "number": "TASK-002",
      "description": "Detailed info about 'Improve accessibility'",
      "deadline": "2025-05-06T12:33:43.852196",
      "status": "done",
      "priority": "Medium",
      "created_time": "2025-04-21T12:33:43.852201",
      "updated_time": "2025-04-21T12:33:43.852202",
      "task_type": 2,
      "project": 1,
      "created_by": 1,
      "assignees": [
        2,
        3
      ],
      "tags": [
        1
      ]
    }
  },
  {
    "model": "manager.task",
    "pk": 3,
    "fields": {
      "name": "Refactor user service",
      "number": "TASK-003",
      "description": "Detailed info about 'Refactor user service'",
      "deadline": "2025-05-20T12:33:43.852218",
      "status": "in_progress",
      "priority": "Low",
      "created_time": "2025-04-21T12:33:43.852224",
      "updated_time": "2025-04-21T12:33:43.852226",
      "task_type": 1,
      "project": 1,
      "created_by": 1,
      "assignees": [
        2
      ],
      "tags": [
        1,
        2,
        3
      ]
    }
  },
  {
    "model": "manager.task",
    "pk": 4,
    "fields": {
      "name": "Create API docs",
      "number": "TASK-004",
      "description": "Detailed info about 'Create API docs'",
      "deadline": "2025-05-19T12:33:43.852243",
      "status": "in_progress",
      "priority": "High",
      "created_time": "2025-04-21T12:33:43.852247",
      "updated_time": "2025-04-21T12:33:43.852249",
      "task_type": 1,
      "project": 1,
      "created_by": 1,
      "assignees": [
        2,
        3
      ],
      "tags": [
        1,
        2
      ]
    }
  },
  {
    "model": "manager.task",
    "pk": 5,
    "fields": {
      "name": "Setup email service",
      "number": "TASK-005",
      "description": "Detailed info about 'Setup email service'",
      "deadline": "2025-05-14T12:33:43.852258",
      "status": "new",
      "priority": "High",
      "created_time": "2025-04-21T12:33:43.852262",
      "updated_time": "2025-04-21T12:33:43.852264",
      "task_type": 2,
      "project": 1,
      "created_by": 1,
      "assignees": [
        2,
        3
      ],
      "tags": [
        1,
        2,
        3
      ]
    }
  },
  {
    "model": "manager.task",
    "pk": 6,
    "fields": {
      "name": "Write unit tests",
      "number": "TASK-006",
      "description": "Detailed info about 'Write unit tests'",
      "deadline": "2025-05-14T12:33:43.852278",
      "status": "done",
      "priority": "High",
      "created_time": "2025-04-21T12:33:43.852282",
      "updated_time": "2025-04-21T12:33:43.852284",
      "task_type": 1,
      "project": 2,
      "created_by": 1,
      "assignees": [
        2,
        3
      ],
      "tags": [
        1,
        2
      ]
    }
  },
  {
    "model": "manager.task",
    "pk": 7,
    "fields": {
      "name": "Optimize DB queries",
      "number": "TASK-007",
      "description": "Detailed info about 'Optimize DB queries'",
      "deadline": "2025-05-09T12:33:43.852293",
      "status": "new",
      "priority": "High",
      "created_time": "2025-04-21T12:33:43.852297",
      "updated_time": "2025-04-21T12:33:43.852299",
      "task_type": 1,
      "project": 2,
      "created_by": 1,
      "assignees": [
        2,
        3
      ],
      "tags": [
        1,
        2,
        3
      ]
    }
  },
  {
    "model": "manager.task",
    "pk": 8,
    "fields": {
      "name": "Set up Redis cache",
      "number": "TASK-008",
      "description": "Detailed info about 'Set up Redis cache'",
      "deadline": "2025-05-07T12:33:43.852312",
      "status": "in_progress",
      "priority": "Medium",
      "created_time": "2025-04-21T12:33:43.852316",
      "updated_time": "2025-04-21T12:33:43.852318",
      "task_type": 2,
      "project": 2,
      "created_by": 1,
      "assignees": [
        2,
        3
      ],
      "tags": [
        1,
        2
      ]
    }
  },
  {
    "model": "manager.task",
    "pk": 9,
    "fields": {
      "name": "Implement search",
      "number": "TASK-009",
      "description": "Detailed info about 'Implement search'",
      "deadline": "2025-05-20T12:33:43.852333",
      "status": "new",
      "priority": "Medium",
      "created_time": "2025-04-21T12:33:43.852337",
      "updated_time": "2025-04-21T12:33:43.852338",
      "task_type": 2,
      "project": 2,
      "created_by": 1,
      "assignees": [
        2,
        3
      ],
      "tags": [
        1,
        2,
        3
      ]
    }
  },
  {
    "model": "manager.task",
    "pk": 10,
    "fields": {
      "name": "Add user avatars",
      "number": "TASK-010",
      "description": "Detailed info about 'Add user avatars'",
      "deadline": "2025-05-02T12:33:43.852353",
      "status": "new",
      "priority": "Low",
      "created_time": "2025-04-21T12:33:43.852357",
      "updated_time": "2025-04-21T12:33:43.852358",
      "task_type": 1,
      "project": 2,
      "created_by": 1,
      "assignees": [
        2,
        3
      ],
      "tags": [
        1,
        2
      ]
    }
  },
  {
    "model": "manager.task",
    "pk": 11,
    "fields": {
      "name": "Design dashboard UI",
      "number": "TASK-011",
      "description": "Detailed info about 'Design dashboard UI'",
      "deadline": "2025-05-02T12:33:43.852371",
      "status": "new",
      "priority": "Low",
      "created_time": "2025-04-21T12:33:43.852375",
      "updated_time": "2025-04-21T12:33:43.852377",
      "task_type": 1,
      "project": 3,
      "created_by": 1,
      "assignees": [
        2
      ],
      "tags": [
        1,
        2
      ]
    }
  },
  {
    "model": "manager.task",
    "pk": 12,
    "fields": {
      "name": "Configure CI/CD",
      "number": "TASK-012",
      "description": "Detailed info about 'Configure CI/CD'",
      "deadline": "2025-05-13T12:33:43.852391",
      "status": "in_progress",
      "priority": "Medium",
      "created_time": "2025-04-21T12:33:43.852395",
      "updated_time": "2025-04-21T12:33:43.852396",
      "task_type": 2,
      "project": 3,
      "created_by": 1,
      "assignees": [
        2,
        3
      ],
      "tags": [
        1,
        2,
        3
      ]
    }
  },
  {
    "model": "manager.task",
    "pk": 13,
    "fields": {
      "name": "Handle timezones",
      "number": "TASK-013",
      "description": "Detailed info about 'Handle timezones'",
      "deadline": "2025-05-08T12:33:43.852407",
      "status": "new",
      "priority": "Medium",
      "created_time": "2025-04-21T12:33:43.852412",
      "updated_time": "2025-04-21T12:33:43.852413",
      "task_type": 2,
      "project": 3,
      "created_by": 1,
      "assignees": [
        2
      ],
      "tags": [
        1
      ]
    }
  },
  {
    "model": "manager.task",
    "pk": 14,
    "fields": {
      "name": "Update dependencies",
      "number": "TASK-014",
      "description": "Detailed info about 'Update dependencies'",
      "deadline": "2025-05-02T12:33:43.852424",
      "status": "done",
      "priority": "High",
      "created_time": "2025-04-21T12:33:43.852428",
      "updated_time": "2025-04-21T12:33:43.852430",
      "task_type": 2,
      "project": 3,
      "created_by": 1,
      "assignees": [
        2,
        3
      ],
      "tags": [
        1,
        2
      ]
    }
  },
  {
    "model": "manager.task",
    "pk": 15,
    "fields": {
      "name": "Implement dark mode",
      "number": "TASK-015",
      "description": "Detailed info about 'Implement dark mode'",
      "deadline": "2025-05-17T12:33:43.852445",
      "status": "done",
      "priority": "Low",
      "created_time": "2025-04-21T12:33:43.852449",
      "updated_time": "2025-04-21T12:33:43.852450",
      "task_type": 1,
      "project": 3,
      "created_by": 1,
      "assignees": [
        2,
        3
      ],
      "tags": [
        1,
        2,
        3
      ]
    }
  },
  {
    "model": "manager.comment",
    "pk": 1,
    "fields": {
      "created_time": "2025-04-21T12:33:43.852183",
      "content": "Comment 1 on 'Fix login bug'",
      "task": 1,
      "created_by": 2
    }
  },
  {
    "model": "manager.comment",
    "pk": 2,
    "fields": {
      "created_time": "2025-04-21T12:33:43.852187",
      "content": "Comment 2 on 'Fix login bug'",
      "task": 1,
      "created_by": 2
    }
  },
  {
    "model": "manager.comment",
    "pk": 3,
    "fields": {
      "created_time": "2025-04-21T12:33:43.852191",
      "content": "Comment 3 on 'Fix login bug'",
      "task": 1,
      "created_by": 3
    }
  },
  {
    "model": "manager.comment",
    "pk": 4,
    "fields": {
      "created_time": "2025-04-21T12:33:43.852208",
      "content": "Comment 4 on 'Improve accessibility'",
      "task": 2,
      "created_by": 2
    }
  },
  {
    "model": "manager.comment",
    "pk": 5,
    "fields": {
      "created_time": "2025-04-21T12:33:43.852211",
      "content": "Comment 5 on 'Improve accessibility'",
      "task": 2,
      "created_by": 3
    }
  },
  {
    "model": "manager.comment",
    "pk": 6,
    "fields": {
      "created_time": "2025-04-21T12:33:43.852232",
      "content": "Comment 6 on 'Refactor user service'",
      "task": 3,
      "created_by": 2
    }
  },
  {
    "model": "manager.comment",
    "pk": 7,
    "fields": {
      "created_time": "2025-04-21T12:33:43.852235",
      "content": "Comment 7 on 'Refactor user service'",
      "task": 3,
      "created_by": 2
    }
  },
  {
    "model": "manager.comment",
    "pk": 8,
    "fields": {
      "created_time": "2025-04-21T12:33:43.852239",
      "content": "Comment 8 on 'Refactor user service'",
      "task": 3,
      "created_by": 3
    }
  },
  {
    "model": "manager.comment",
    "pk": 9,
    "fields": {
      "created_time": "2025-04-21T12:33:43.852254",
      "content": "Comment 9 on 'Create API docs'",
      "task": 4,
      "created_by": 3
    }
  },
  {
    "model": "manager.comment",
    "pk": 10,
    "fields": {
      "created_time": "2025-04-21T12:33:43.852269",
      "content": "Comment 10 on 'Setup email service'",
      "task": 5,
      "created_by": 3
    }
  },
  {
    "model": "manager.comment",
    "pk": 11,
    "fields": {
      "created_time": "2025-04-21T12:33:43.852272",
      "content": "Comment 11 on 'Setup email service'",
      "task": 5,
      "created_by": 3
    }
  },
  {
    "model": "manager.comment",
    "pk": 12,
    "fields": {
      "created_time": "2025-04-21T12:33:43.852274",
      "content": "Comment 12 on 'Setup email service'",
      "task": 5,
      "created_by": 3
    }
  },
  {
    "model": "manager.comment",
    "pk": 13,
    "fields": {
      "created_time": "2025-04-21T12:33:43.852289",
      "content": "Comment 13 on 'Write unit tests'",
      "task": 6,
      "created_by": 3
    }
  },
  {
    "model": "manager.comment",
    "pk": 14,
    "fields": {
      "created_time": "2025-04-21T12:33:43.852305",
      "content": "Comment 14 on 'Optimize DB queries'",
      "task": 7,
      "created_by": 2
    }
  },
  {
    "model": "manager.comment",
    "pk": 15,
    "fields": {
      "created_time": "2025-04-21T12:33:43.852308",
      "content": "Comment 15 on 'Optimize DB queries'",
      "task": 7,
      "created_by": 2
    }
  },
  {
    "model": "manager.comment",
    "pk": 16,
    "fields": {
      "created_time": "2025-04-21T12:33:43.852323",
      "content": "Comment 16 on 'Set up Redis cache'",
      "task": 8,
      "created_by": 2
    }
  },
  {
    "model": "manager.comment",
    "pk": 17,
    "fields": {
      "created_time": "2025-04-21T12:33:43.852326",
      "content": "Comment 17 on 'Set up Redis cache'",
      "task": 8,
      "created_by": 3
    }
  },
  {
    "model": "manager.comment",
    "pk": 18,
    "fields": {
      "created_time": "2025-04-21T12:33:43.852329",
      "content": "Comment 18 on 'Set up Redis cache'",
      "task": 8,
      "created_by": 2
    }
  },
  {
    "model": "manager.comment",
    "pk": 19,
    "fields": {
      "created_time": "2025-04-21T12:33:43.852343",
      "content": "Comment 19 on 'Implement search'",
      "task": 9,
      "created_by": 3
    }
  },
  {
    "model": "manager.comment",
    "pk": 20,
    "fields": {
      "created_time": "2025-04-21T12:33:43.852346",
      "content": "Comment 20 on 'Implement search'",
      "task": 9,
      "created_by": 2
    }
  },
  {
    "model": "manager.comment",
    "pk": 21,
    "fields": {
      "created_time": "2025-04-21T12:33:43.852349",
      "content": "Comment 21 on 'Implement search'",
      "task": 9,
      "created_by": 2
    }
  },
  {
    "model": "manager.comment",
    "pk": 22,
    "fields": {
      "created_time": "2025-04-21T12:33:43.852364",
      "content": "Comment 22 on 'Add user avatars'",
      "task": 10,
      "created_by": 2
    }
  },
  {
    "model": "manager.comment",
    "pk": 23,
    "fields": {
      "created_time": "2025-04-21T12:33:43.852367",
      "content": "Comment 23 on 'Add user avatars'",
      "task": 10,
      "created_by": 2
    }
  },
  {
    "model": "manager.comment",
    "pk": 24,
    "fields": {
      "created_time": "2025-04-21T12:33:43.852382",
      "content": "Comment 24 on 'Design dashboard UI'",
      "task": 11,
      "created_by": 3
    }
  },
  {
    "model": "manager.comment",
    "pk": 25,
    "fields": {
      "created_time": "2025-04-21T12:33:43.852385",
      "content": "Comment 25 on 'Design dashboard UI'",
      "task": 11,
      "created_by": 2
    }
  },
  {
    "model": "manager.comment",
    "pk": 26,
    "fields": {
      "created_time": "2025-04-21T12:33:43.852387",
      "content": "Comment 26 on 'Design dashboard UI'",
      "task": 11,
      "created_by": 3
    }
  },
  {
    "model": "manager.comment",
    "pk": 27,
    "fields": {
      "created_time": "2025-04-21T12:33:43.852401",
      "content": "Comment 27 on 'Configure CI/CD'",
      "task": 12,
      "created_by": 3
    }
  },
  {
    "model": "manager.comment",
    "pk": 28,
    "fields": {
      "created_time": "2025-04-21T12:33:43.852404",
      "content": "Comment 28 on 'Configure CI/CD'",
      "task": 12,
      "created_by": 2
    }
  },
  {
    "model": "manager.comment",
    "pk": 29,
    "fields": {
      "created_time": "2025-04-21T12:33:43.852418",
      "content": "Comment 29 on 'Handle timezones'",
      "task": 13,
      "created_by": 3
    }
  },
  {
    "model": "manager.comment",
    "pk": 30,
    "fields": {
      "created_time": "2025-04-21T12:33:43.852421",
      "content": "Comment 30 on 'Handle timezones'",
      "task": 13,
      "created_by": 2
    }
  },
  {
    "model": "manager.comment",
    "pk": 31,
    "fields": {
      "created_time": "2025-04-21T12:33:43.852435",
      "content": "Comment 31 on 'Update dependencies'",
      "task": 14,
      "created_by": 2
    }
  },
  {
    "model": "manager.comment",
    "pk": 32,
    "fields": {
      "created_time": "2025-04-21T12:33:43.852438",
      "content": "Comment 32 on 'Update dependencies'",
      "task": 14,
      "created_by": 2
    }
  },
  {
    "model": "manager.comment",
    "pk": 33,
    "fields": {
      "created_time": "2025-04-21T12:33:43.852441",
      "content": "Comment 33 on 'Update dependencies'",
      "task": 14,
      "created_by": 2
    }
  },
  {
    "model": "manager.comment",
    "pk": 34,
    "fields": {
      "created_time": "2025-04-21T12:33:43.852455",
      "content": "Comment 34 on 'Implement dark mode'",
      "task": 15,
      "created_by": 2
    }
  },
  {
    "model": "manager.comment",
    "pk": 35,
    "fields": {
      "created_time": "2025-04-21T12:33:43.852458",
      "content": "Comment 35 on 'Implement dark mode'",
      "task": 15,
      "created_by": 2
    }
  }
]